{"p3012_Valence":{"0":0.7253143682},"p3012_Arousal":{"0":0.2573541538},"p3012_Attention":{"0":-0.2823490002},"p3012_Stress":{"0":0.162183055},"p3012_mental_mean":{"0":0.2156256442},"others_Valence":{"0":0.8272611317},"others_Arousal":{"0":-0.2352919501},"others_Attention":{"0":0.0214955679},"others_Stress":{"0":0.8107998351},"others_mental_mean":{"0":0.3560661462},"others_Valence_std":{"0":0.630767691},"others_Arousal_std":{"0":1.0648006748},"others_Attention_std":{"0":0.9217137391},"others_Stress_std":{"0":1.0776556358},"others_mental_std":{"0":0.5932773517},"z_Valence":{"0":-0.0363430499},"z_Arousal":{"0":0.4484436771},"z_Attention":{"0":-0.16939663},"z_Stress":{"0":-0.5312027636},"z_mental":{"0":-0.1761094546}}