{"others_Valence":{"0":0.7317367553},"others_Arousal":{"0":-0.2034518656},"others_Attention":{"0":0.0032446918},"others_Stress":{"0":0.7201113173},"others_Valence_std":{"0":0.6890234357},"others_Arousal_std":{"0":0.9960195203},"others_Attention_std":{"0":0.8972357546},"others_Stress_std":{"0":1.0041866842},"p3012_Valence":{"0":0.7253143682},"p3012_Arousal":{"0":0.2573541538},"p3012_Attention":{"0":-0.2823490002},"p3012_Stress":{"0":0.162183055},"p3012_mental_mean":{"0":0.2156256442},"others_mental_mean":{"0":0.3129102247},"others_mental_std":{"0":0.1219062879},"z_Valence":{"0":-0.0093209996},"z_Arousal":{"0":0.4626475787},"z_Attention":{"0":-0.3183039581},"z_Stress":{"0":-0.5556021315},"z_mental":{"0":-0.1051448776}}