{"p3012":{"Message Log":11.8571428571,"Arousal":0.2573541538,"Valence":0.7253143682,"Pedometer":3514.1356889617,"Sns Prop":0.2727968415,"Call Log":49.4285714286,"Calories":1276.1413281252,"Attention":-0.2823490002,"Stress":0.162183055},"others":{"Message Log":5.0,"Arousal":-0.2034518656,"Valence":0.7317367553,"Pedometer":3593.5968349813,"Sns Prop":0.2923266176,"Call Log":67.4,"Calories":1306.3804644477,"Attention":0.0032446918,"Stress":0.7201113173},"z_score":{"Message Log":0.7961778933,"Arousal":0.4626475787,"Valence":-0.0093209996,"Pedometer":-0.0381463063,"Sns Prop":-0.095636533,"Call Log":-0.1202137128,"Calories":-0.1395309915,"Attention":-0.3183039581,"Stress":-0.5556021315}}