{"others_Calories":{"0":1306.3804644477},"others_Calories_std":{"0":216.71985561},"others_Pedometer":{"0":3593.5968349813},"others_Pedometer_std":{"0":2083.0626531332},"p3012_Calories":{"0":1276.1413281252},"p3012_Pedometer":{"0":3514.1356889617},"z_Calories":{"0":-0.1395309915},"z_Pedometer":{"0":-0.0381463063},"z_physical":{"0":-0.0888386489}}