{"p3012_Calories":{"0":1276.1413281252},"p3012_Pedometer":{"0":3514.1356889617},"others_Calories":{"0":1306.3804644477},"others_Calories_std":{"0":175.2188325625},"others_Pedometer":{"0":3593.5968349813},"others_Pedometer_std":{"0":1541.0567780829},"z_Calories":{"0":0.0498138831},"z_Pedometer":{"0":-0.1570390461},"z_physical":{"0":-0.0536125815}}