{"others_calllog":{"0":67.4},"others_messagelog":{"0":5.0},"others_phonelog":{"0":21242841.8571428582},"others_snslog":{"0":6362698.3428571429},"others_snsprop":{"0":0.2923266176},"others_calllog_std":{"0":149.4956619477},"others_messagelog_std":{"0":8.6125763038},"others_phonelog_std":{"0":13960274.1007433739},"others_snslog_std":{"0":4568219.8111941544},"others_snsprop_std":{"0":0.2042083239},"p3012_calllog":{"0":49.4285714286},"p3012_messagelog":{"0":11.8571428571},"p3012_phonelog":{"0":22741565.2857142873},"p3012_snslog":{"0":5285427.1428571427},"p3012_snsprop":{"0":0.2727968415},"z_calllog":{"0":-0.1202137128},"z_messagelog":{"0":0.7961778933},"z_phonelog":{"0":0.1073563039},"z_snslog":{"0":-0.2358185999},"z_snsprop":{"0":-0.095636533},"z_social":{"0":0.1934425491}}